track,slice,x,y
1,1,975,471
1,2,975,466
1,3,974,466
1,4,973,464
1,5,969,463
1,6,968,458
1,7,968,451
1,8,967,446
1,9,966,443
1,10,965,438
1,11,966,434
1,12,964,429
1,13,966,419
1,14,967,414
1,15,968,407
1,16,968,405
1,17,971,399
1,18,970,394
1,19,971,390
1,20,973,387
1,21,981,377
1,22,986,372
1,23,991,366
1,24,991,366
1,25,1003,359
1,26,1003,358
1,27,1006,357
1,28,1009,355
1,29,1012,353
1,30,1016,352
1,31,1021,350
1,32,1025,349
1,33,1029,348
1,34,1036,343
1,35,1041,341
1,36,1045,340
1,37,1049,339
1,38,1055,337
1,39,1059,336
1,40,1062,334
1,41,1069,333
1,42,1076,329
1,43,1079,329
1,44,1083,329
1,45,1091,330
1,46,1096,331
1,47,1101,332
1,48,1105,332
1,49,1107,332
1,50,1111,335
1,51,1115,337
1,52,1123,338
1,53,1130,342
1,54,1133,342
1,55,1135,343
1,56,1139,346
1,57,1143,349
1,58,1147,351
1,59,1148,355
1,60,1151,358
1,61,1153,362
1,62,1162,372
1,63,1165,376
1,64,1168,381
1,65,1172,384
1,66,1173,388
1,67,1174,391
1,68,1178,399
1,69,1180,403
1,70,1181,406
1,71,1183,408
1,72,1184,411
1,73,1187,417
1,74,1187,422
1,75,1186,427
1,76,1187,429
1,77,1188,433
1,78,1188,438
1,79,1189,447
1,80,1189,452
1,81,1189,455
1,82,1189,458
1,83,1186,465
1,84,1185,469
1,85,1184,472
1,86,1183,482
1,87,1181,485
1,88,1180,489
1,89,1179,493
1,90,1178,498
1,91,1176,502
1,92,1174,507
1,93,1170,515
1,94,1167,521
1,95,1165,523
1,96,1163,527
1,97,1161,530
1,98,1158,533
1,99,1156,538
1,100,1152,541
1,101,1150,542
1,102,1146,544
1,103,1142,545
1,104,1134,549
1,105,1127,553
1,106,1125,556
1,107,1121,557
1,108,1117,559
1,109,1114,561
1,110,1109,563
1,111,1105,565
1,112,1102,567
1,113,1098,568
1,114,1088,569
1,115,1084,568
1,116,1081,568
1,117,1077,568
1,118,1068,568
1,119,1064,565
1,120,1058,566
1,121,1056,565
1,122,1053,562
1,123,1050,563
1,124,1045,560
1,125,1038,556
1,126,1030,554
1,127,1026,550
1,128,1021,547
1,129,1020,547
1,130,1015,543
1,131,1011,541
1,132,1007,537
1,133,1004,533
1,134,1001,531
1,135,999,528
1,136,994,523
1,137,989,517
1,138,986,513
1,139,984,508
1,140,981,505
1,141,980,498
1,142,978,495
1,143,976,489
1,144,974,485
1,145,974,481
1,146,975,479
1,147,974,475
1,148,972,469
1,149,972,467
1,150,968,461
1,151,966,459
1,152,965,457
1,153,966,455
1,154,967,452
1,155,964,450
1,156,961,449
1,157,961,445
1,158,963,445
1,159,964,447
1,160,964,448
1,161,962,457
1,162,959,465
1,163,957,470
1,164,956,474
1,165,955,480
1,166,955,485
1,167,949,490
1,168,945,494
1,169,945,494
1,170,944,494
1,171,945,497
1,172,947,499
1,173,945,498
1,174,945,502
1,175,943,507
1,176,941,507
1,177,938,512
1,178,936,515
1,179,935,518
1,180,934,519
1,181,934,520
1,182,933,520
1,183,934,518
1,184,934,518
1,185,934,517
1,186,935,518
1,187,935,518
1,188,936,518
1,189,936,518
1,190,937,518
1,191,937,518
1,192,938,517
1,193,938,517
1,194,939,517
1,195,939,517
1,196,949,521
1,197,952,522
1,198,954,524
1,199,958,524
1,200,962,524
1,201,965,526
1,202,967,528
1,203,967,531
1,204,966,533
1,205,972,541
1,206,973,544
1,207,978,544
1,208,983,545
1,209,989,545
1,210,993,545
1,211,995,545
1,212,998,552
1,213,1003,557
1,214,1008,558
1,215,1010,561
1,216,1011,565
1,217,1015,567
1,218,1018,570
1,219,1021,574
1,220,1023,577
1,221,1026,580
1,222,1028,584
1,223,1028,588
1,224,1031,590
1,225,1032,596
1,226,1033,600
1,227,1034,605
1,228,1036,611
1,229,1037,617
1,230,1038,621
1,231,1037,625
1,232,1037,632
1,233,1036,640
1,234,1033,647
1,235,1031,652
1,236,1029,655
1,237,1027,660
1,238,1026,664
1,239,1025,670
1,240,1025,669
1,241,1019,678
1,242,1016,681
1,243,1015,683
1,244,1011,689
1,245,1009,695
1,246,1008,699
1,247,1004,702
1,248,1002,705
1,249,1001,707
1,250,1000,708
1,251,994,711
1,252,990,715
1,253,986,718
1,254,984,719
1,255,977,724
1,256,971,725
1,257,966,727
1,258,959,730
1,259,954,731
1,260,947,732
1,261,942,732
1,262,935,732
1,263,929,732
1,264,925,734
1,265,922,735
1,266,919,736
1,267,915,740
1,268,910,744
1,269,903,745
1,270,897,746
1,271,894,747
1,272,888,746
1,273,883,744
1,274,878,744
1,275,872,742
1,276,870,739
1,277,869,737
1,278,859,728
1,279,857,723
1,280,852,721
1,281,849,718
1,282,847,713
1,283,845,710
1,284,843,706
1,285,841,701
1,286,838,691
1,287,836,683
1,288,833,676
1,289,833,671
1,290,831,666
1,291,831,662
1,292,831,658
1,293,831,653
1,294,834,648
1,295,836,644
1,296,834,640
1,297,832,638
1,298,832,634
1,299,834,633
1,300,836,632
1,301,837,635
1,302,839,629
1,303,842,625
1,304,843,625
1,305,846,624
1,306,849,622
1,307,852,620
1,308,854,618
1,309,856,616
1,310,857,613
1,311,858,609
1,312,862,606
1,313,861,601
1,314,858,602
1,315,856,600
1,316,855,598
1,317,855,597
1,318,855,596
1,319,854,594
1,320,854,593
1,321,853,593
1,322,855,594
1,323,857,598
1,324,861,599
1,325,866,602
1,326,871,604
1,327,873,603
1,328,876,604
1,329,880,608
1,330,883,611
1,331,886,613
1,332,890,613
1,333,889,613
1,334,892,613
1,335,894,613
1,336,898,618
1,337,903,620
1,338,903,623
1,339,905,628
1,340,905,627
1,341,907,632
1,342,907,636
1,343,909,638
2,1,553,1666
2,2,550,1665
2,3,550,1665
2,4,548,1664
2,5,541,1662
2,6,539,1663
2,7,535,1663
2,8,529,1662
2,9,523,1663
2,10,519,1664
2,11,515,1666
2,12,510,1664
2,13,501,1663
2,14,496,1662
2,15,495,1660
2,16,495,1658
2,17,491,1656
2,18,484,1652
2,19,485,1650
2,20,482,1646
2,21,482,1640
2,22,480,1634
2,23,478,1626
2,24,477,1625
2,25,474,1614
2,26,474,1613
2,27,472,1608
2,28,472,1603
2,29,471,1599
2,30,469,1595
2,31,469,1591
2,32,467,1587
2,33,465,1582
2,34,464,1573
2,35,464,1568
2,36,464,1563
2,37,464,1557
2,38,463,1552
2,39,465,1547
2,40,464,1544
2,41,463,1539
2,42,464,1535
2,43,464,1530
2,44,465,1525
2,45,467,1519
2,46,467,1509
2,47,468,1505
2,48,468,1502
2,49,468,1498
2,50,468,1495
2,51,472,1491
2,52,474,1482
2,53,476,1475
2,54,479,1471
2,55,483,1465
2,56,486,1462
2,57,491,1458
2,58,492,1454
2,59,497,1450
2,60,499,1445
2,61,506,1442
2,62,514,1432
2,63,518,1429
2,64,520,1426
2,65,526,1421
2,66,528,1418
2,67,530,1415
2,68,537,1411
2,69,543,1408
2,70,548,1404
2,71,553,1403
2,72,557,1400
2,73,561,1399
2,74,566,1397
2,75,570,1395
2,76,576,1395
2,77,579,1394
2,78,583,1393
2,79,594,1394
2,80,600,1394
2,81,605,1394
2,82,609,1395
2,83,613,1396
2,84,616,1398
2,85,622,1399
2,86,631,1402
2,87,639,1404
2,88,644,1405
2,89,648,1407
2,90,651,1408
2,91,655,1411
2,92,658,1414
2,93,667,1420
2,94,670,1424
2,95,674,1427
2,96,676,1428
2,97,679,1432
2,98,680,1435
2,99,682,1441
2,100,682,1448
2,101,681,1454
2,102,683,1457
2,103,683,1463
2,104,681,1472
2,105,680,1478
2,106,678,1482
2,107,677,1484
2,108,675,1489
2,109,671,1492
2,110,668,1495
2,111,667,1497
2,112,664,1501
2,113,660,1503
2,114,656,1511
2,115,655,1516
2,116,653,1521
2,117,648,1524
2,118,645,1533
2,119,639,1534
2,120,633,1533
2,121,630,1532
2,122,626,1531
2,123,623,1531
2,124,621,1533
2,125,617,1529
2,126,610,1527
2,127,601,1523
2,128,598,1518
2,129,596,1515
2,130,589,1513
2,131,585,1510
2,132,582,1507
2,133,578,1504
2,134,574,1499
2,135,569,1495
2,136,564,1487
2,137,561,1483
2,138,563,1478
2,139,563,1475
2,140,562,1470
2,141,563,1464
2,142,564,1459
2,143,564,1450
2,144,567,1442
2,145,570,1438
2,146,573,1434
2,147,574,1430
2,148,573,1424
2,149,575,1420
2,150,581,1415
2,151,585,1409
2,152,587,1405
2,153,590,1403
2,154,599,1394
2,155,603,1391
2,156,608,1390
2,157,613,1382
2,158,616,1379
2,159,621,1376
2,160,621,1374
2,161,629,1371
2,162,634,1368
2,163,640,1364
2,164,645,1361
2,165,648,1360
2,166,652,1358
2,167,658,1357
2,168,668,1356
2,169,673,1353
2,170,677,1351
2,171,681,1352
2,172,687,1352
2,173,692,1353
2,174,698,1352
2,175,708,1353
2,176,712,1353
2,177,718,1354
2,178,726,1357
2,179,731,1358
2,180,735,1362
2,181,739,1365
2,182,744,1369
2,183,748,1373
2,184,751,1377
2,185,757,1384
2,186,758,1389
2,187,761,1393
2,188,762,1393
2,189,765,1396
2,190,768,1400
2,191,769,1407
2,192,771,1409
2,193,774,1417
2,194,774,1423
2,195,774,1422
2,196,775,1442
2,197,773,1446
2,198,772,1450
2,199,771,1454
2,200,769,1460
2,201,767,1465
2,202,764,1468
2,203,761,1473
2,204,760,1476
2,205,756,1482
2,206,754,1486
2,207,749,1490
2,208,746,1494
2,209,744,1500
2,210,742,1503
2,211,739,1506
2,212,733,1512
2,213,729,1515
2,214,725,1516
2,215,722,1520
2,216,719,1522
2,217,715,1524
2,218,710,1526
2,219,702,1533
2,220,696,1534
2,221,693,1534
2,222,688,1537
2,223,685,1539
2,224,679,1538
2,225,675,1537
2,226,669,1536
2,227,658,1534
2,228,656,1534
2,229,654,1533
2,230,650,1533
2,231,646,1533
2,232,641,1532
2,233,632,1528
2,234,626,1524
2,235,621,1519
2,236,617,1516
2,237,614,1515
2,238,611,1512
2,239,609,1506
2,240,608,1506
2,241,607,1501
2,242,604,1494
2,243,604,1490
2,244,602,1484
2,245,600,1480
2,246,599,1477
2,247,597,1472
2,248,595,1468
2,249,594,1460
2,250,594,1448
2,251,592,1444
2,252,591,1439
2,253,594,1434
2,254,595,1428
2,255,595,1425
2,256,599,1417
2,257,599,1411
2,258,598,1405
2,259,602,1402
2,260,600,1399
2,261,602,1394
2,262,606,1391
2,263,609,1390
2,264,611,1386
2,265,612,1383
2,266,614,1378
2,267,618,1372
2,268,620,1369
2,269,621,1369
2,270,621,1370
2,271,623,1372
2,272,625,1373
2,273,626,1377
2,274,623,1382
2,275,620,1385
2,276,618,1392
2,277,617,1396
2,278,611,1406
2,279,607,1412
2,280,604,1417
2,281,601,1418
2,282,598,1420
2,283,597,1423
2,284,596,1426
2,285,596,1431
2,286,589,1438
2,287,586,1437
2,288,585,1437
2,289,584,1436
2,290,583,1438
2,291,582,1440
2,292,583,1440
2,293,581,1440
2,294,581,1441
2,295,580,1441
2,296,582,1440
2,297,581,1439
2,298,578,1439
2,299,580,1439
2,300,577,1439
2,301,580,1439
2,302,585,1440
2,303,589,1435
2,304,593,1435
2,305,596,1435
2,306,599,1434
2,307,602,1432
2,308,606,1432
2,309,609,1432
2,310,617,1436
2,311,621,1439
2,312,626,1440
2,313,633,1440
2,314,634,1437
2,315,637,1437
2,316,640,1436
2,317,651,1435
2,318,651,1434
2,319,655,1435
2,320,660,1435
2,321,662,1436
2,322,666,1436
2,323,669,1435
2,324,673,1435
2,325,680,1436
2,326,683,1437
2,327,687,1437
2,328,692,1438
2,329,698,1438
2,330,702,1438
2,331,706,1436
2,332,709,1436
2,333,714,1438
2,334,717,1438
2,335,722,1439
2,336,729,1439
2,337,734,1439
2,338,741,1438
2,339,746,1436
2,340,746,1435
2,341,748,1436
2,342,752,1436
2,343,756,1435
3,1,1510,197
3,2,1514,196
3,3,1516,196
3,4,1520,199
3,5,1525,201
3,6,1531,202
3,7,1534,203
3,8,1542,204
3,9,1546,206
3,10,1551,208
3,11,1556,210
3,12,1560,213
3,13,1569,219
3,14,1575,222
3,15,1579,223
3,16,1581,230
3,17,1586,231
3,18,1588,236
3,19,1592,240
3,20,1596,245
3,21,1604,257
3,22,1608,263
3,23,1613,269
3,24,1614,269
3,25,1630,278
3,26,1630,278
3,27,1634,282
3,28,1636,285
3,29,1643,289
3,30,1643,294
3,31,1645,298
3,32,1647,303
3,33,1648,308
3,34,1647,318
3,35,1646,324
3,36,1645,328
3,37,1643,332
3,38,1641,336
3,39,1639,341
3,40,1637,343
3,41,1634,348
3,42,1628,353
3,43,1627,357
3,44,1623,361
3,45,1616,369
3,46,1611,372
3,47,1609,376
3,48,1607,378
3,49,1603,383
3,50,1599,388
3,51,1593,393
3,52,1587,398
3,53,1584,400
3,54,1583,405
3,55,1582,408
3,56,1582,412
3,57,1578,418
3,58,1574,422
3,59,1570,426
3,60,1565,429
3,61,1562,433
3,62,1549,441
3,63,1542,441
3,64,1538,443
3,65,1533,444
3,66,1527,445
3,67,1522,447
3,68,1511,448
3,69,1504,449
3,70,1502,448
3,71,1494,448
3,72,1490,447
3,73,1487,445
3,74,1481,446
3,75,1477,443
3,76,1472,439
3,77,1465,435
3,78,1463,433
3,79,1459,426
3,80,1455,420
3,81,1453,415
3,82,1452,411
3,83,1450,406
3,84,1449,402
3,85,1448,395
3,86,1446,387
3,87,1446,380
3,88,1448,374
3,89,1448,370
3,90,1449,364
3,91,1451,359
3,92,1450,354
3,93,1453,343
3,94,1454,337
3,95,1457,332
3,96,1459,328
3,97,1462,324
3,98,1465,318
3,99,1465,313
3,100,1465,311
3,101,1469,306
3,102,1472,304
3,103,1472,300
3,104,1472,294
3,105,1473,289
3,106,1475,287
3,107,1478,285
3,108,1479,285
3,109,1479,284
3,110,1482,282
3,111,1483,281
3,112,1483,278
3,113,1485,276
3,114,1485,274
3,115,1489,271
3,116,1495,266
3,117,1498,261
3,118,1505,256
3,119,1512,251
3,120,1510,246
3,121,1513,244
3,122,1514,247
3,123,1514,252
3,124,1514,255
3,125,1513,260
3,126,1512,262
3,127,1511,263
3,128,1509,262
3,129,1509,260
3,130,1509,258
3,131,1510,256
3,132,1511,255
3,133,1511,254
3,134,1513,252
3,135,1517,250
3,136,1521,245
4,1,451,595
4,2,448,594
4,3,448,594
4,4,447,594
4,5,446,592
4,6,444,587
4,7,440,587
4,8,435,587
4,9,432,587
4,10,430,582
4,11,427,578
4,12,421,578
4,13,419,574
4,14,414,573
4,15,412,571
4,16,410,566
4,17,407,561
4,18,404,556
4,19,403,553
4,20,403,544
4,21,396,535
4,22,394,529
4,23,395,521
4,24,396,520
4,25,396,513
4,26,398,505
4,27,400,501
4,28,401,497
4,29,402,491
4,30,405,486
4,31,407,481
4,32,410,478
4,33,411,473
4,34,412,467
4,35,414,460
4,36,416,454
4,37,419,449
4,38,421,446
4,39,425,444
4,40,432,441
4,41,435,437
4,42,439,434
4,43,443,433
4,44,446,431
4,45,453,425
4,46,459,422
4,47,464,420
4,48,467,417
4,49,472,415
4,50,475,414
4,51,478,408
4,52,483,404
4,53,491,400
4,54,497,395
4,55,498,389
4,56,503,387
4,57,506,386
4,58,507,382
4,59,510,375
4,60,515,373
4,61,520,368
4,62,529,358
4,63,532,354
4,64,535,351
4,65,537,352
4,66,541,346
4,67,545,342
4,68,553,335
4,69,556,331
4,70,559,330
4,71,563,329
4,72,567,327
4,73,571,321
4,74,576,318
4,75,581,315
4,76,585,313
4,77,587,311
4,78,591,309
4,79,594,304
4,80,599,300
4,81,602,298
4,82,607,295
4,83,612,293
4,84,618,291
4,85,623,289
4,86,631,285
4,87,636,284
4,88,641,281
4,89,645,280
4,90,651,279
4,91,657,275
4,92,661,275
4,93,669,274
4,94,675,274
4,95,681,274
4,96,685,275
4,97,689,276
4,98,692,277
4,99,695,277
4,100,701,278
4,101,705,278
4,102,708,277
4,103,714,277
4,104,724,275
4,105,732,274
4,106,739,273
4,107,747,273
4,108,752,272
4,109,755,274
4,110,762,274
4,111,768,275
4,112,771,279
4,113,776,281
4,114,784,283
4,115,792,284
4,116,795,285
4,117,799,286
4,118,808,288
4,119,813,289
4,120,817,293
4,121,822,294
4,122,827,295
4,123,832,298
4,124,835,299
4,125,844,304
4,126,850,305
4,127,855,305
4,128,860,308
4,129,865,310
4,130,870,311
4,131,871,312
4,132,874,315
4,133,878,316
4,134,883,318
4,135,889,322
4,136,897,326
4,137,901,327
4,138,905,329
4,139,909,332
4,140,912,335
4,141,916,337
4,142,920,338
4,143,923,340
4,144,924,340
4,145,926,342
4,146,927,342
4,147,928,342
4,148,926,341
4,149,924,341
4,150,923,344
4,151,922,345
4,152,915,345
4,153,911,344
4,154,902,343
4,155,895,342
4,156,892,342
4,157,882,347
4,158,879,348
4,159,874,347
4,160,871,346
4,161,864,344
4,162,861,345
4,163,857,346
4,164,852,345
4,165,848,342
4,166,840,342
4,167,834,339
4,168,830,337
4,169,822,338
4,170,819,334
4,171,815,331
4,172,812,329
4,173,808,328
4,174,805,325
4,175,794,320
4,176,789,312
4,177,783,313
4,178,777,307
4,179,773,303
4,180,769,300
4,181,767,301
4,182,768,301
4,183,765,299
4,184,762,297
4,185,756,286
4,186,751,283
4,187,748,279
4,188,748,277
4,189,747,274
4,190,745,272
4,191,742,269
4,192,740,264
4,193,735,256
4,194,733,249
4,195,731,247
4,196,722,233
4,197,716,227
4,198,715,224
4,199,716,219
4,200,712,213
4,201,711,210
4,202,713,204
4,203,714,197
4,204,713,192
4,205,714,180
4,206,712,175
4,207,712,170
4,208,713,166
4,209,714,160
4,210,714,158
4,211,717,154
4,212,720,148
4,213,723,139
4,214,726,134
4,215,726,133
4,216,726,132
4,217,730,130
4,218,732,126
4,219,739,116
4,220,740,111
4,221,744,110
4,222,745,109
4,223,750,96
4,224,753,92
4,225,755,88
4,226,759,86
4,227,761,82
4,228,763,80
4,229,766,77
4,230,768,71
4,231,772,64
4,232,781,60
4,233,784,55
4,234,791,52
4,235,797,49
4,236,799,46
4,237,804,45
4,238,808,41
4,239,813,36
4,240,814,34
4,241,821,27
4,242,827,21
4,243,831,19
4,244,833,17
4,245,836,15
4,246,841,12
4,247,844,11
4,248,849,7
4,249,852,4
5,1,1269,324
5,2,1266,321
5,3,1266,320
5,4,1262,318
5,5,1260,315
5,6,1261,310
5,7,1261,307
5,8,1264,299
5,9,1262,294
5,10,1259,290
5,11,1263,287
5,12,1268,283
5,13,1267,276
5,14,1268,272
5,15,1270,267
5,16,1269,265
5,17,1269,261
5,18,1270,256
5,19,1272,254
5,20,1275,250
5,21,1283,238
5,22,1284,231
5,23,1293,225
5,24,1293,225
5,25,1300,222
5,26,1301,221
5,27,1307,222
5,28,1311,223
5,29,1316,221
5,30,1317,218
5,31,1322,218
5,32,1324,217
5,33,1324,218
5,34,1325,222
5,35,1327,223
5,36,1330,221
5,37,1330,222
5,38,1332,221
5,39,1332,223
5,40,1335,223
5,41,1339,224
5,42,1344,224
5,43,1349,223
5,44,1350,221
5,45,1355,214
5,46,1355,208
5,47,1360,203
5,48,1362,199
5,49,1366,195
5,50,1372,193
5,51,1376,191
5,52,1379,182
5,53,1383,177
5,54,1390,175
5,55,1395,174
5,56,1398,173
5,57,1403,168
5,58,1407,165
5,59,1412,164
5,60,1417,163
5,61,1422,163
5,62,1438,159
5,63,1444,158
5,64,1451,159
5,65,1456,158
5,66,1458,156
5,67,1463,154
5,68,1470,153
5,69,1474,154
5,70,1480,152
5,71,1486,150
5,72,1492,149
5,73,1499,148
5,74,1503,146
5,75,1507,144
5,76,1512,142
5,77,1520,139
5,78,1528,138
5,79,1541,135
5,80,1544,134
5,81,1549,134
5,82,1553,134
5,83,1555,132
5,84,1561,127
5,85,1565,126
5,86,1571,123
5,87,1577,120
5,88,1583,116
5,89,1589,114
6,1,576,1735
6,2,576,1728
6,3,576,1728
6,4,579,1722
6,5,578,1717
6,6,578,1710
6,7,578,1707
6,8,577,1702
6,9,576,1698
6,10,575,1693
6,11,575,1690
6,12,577,1686
6,13,576,1681
6,14,578,1673
6,15,579,1669
6,16,580,1665
6,17,586,1661
6,18,587,1657
6,19,590,1655
6,20,593,1652
6,21,600,1643
6,22,606,1638
6,23,614,1632
6,24,618,1627
6,25,625,1626
6,26,627,1625
6,27,634,1624
6,28,638,1623
6,29,643,1624
6,30,647,1624
6,31,651,1624
6,32,656,1618
6,33,660,1617
6,34,663,1616
6,35,671,1611
6,36,677,1609
6,37,680,1607
6,38,685,1605
6,39,692,1602
6,40,697,1600
6,41,701,1599
6,42,702,1597
6,43,706,1595
6,44,710,1594
6,45,719,1589
6,46,726,1587
6,47,732,1585
6,48,734,1587
6,49,741,1585
6,50,747,1583
6,51,748,1582
6,52,751,1581
6,53,755,1580
6,54,760,1578
6,55,762,1575
6,56,764,1572
6,57,767,1571
6,58,771,1568
6,59,776,1564
6,60,780,1563
6,61,784,1562
6,62,789,1559
6,63,795,1555
6,64,801,1552
6,65,804,1550
6,66,808,1549
6,67,813,1546
6,68,816,1543
6,69,819,1539
6,70,821,1537
6,71,824,1534
6,72,826,1533
6,73,829,1530
6,74,832,1524
6,75,834,1520
6,76,838,1518
6,77,840,1515
6,78,843,1510
6,79,847,1507
6,80,849,1504
6,81,851,1501
6,82,857,1497
6,83,862,1495
6,84,865,1493
6,85,866,1489
6,86,867,1484
6,87,869,1480
6,88,871,1476
6,89,873,1473
6,90,876,1470
6,91,878,1467
6,92,879,1466
6,93,879,1462
6,94,880,1458
6,95,881,1457
6,96,881,1455
6,97,881,1455
6,98,881,1453
6,99,881,1452
6,100,881,1450
6,101,881,1447
6,102,884,1441
6,103,886,1439
6,104,890,1436
6,105,893,1433
6,106,894,1431
7,1,466,653
7,2,465,647
7,3,465,647
7,4,467,648
7,5,466,642
7,6,466,637
7,7,466,631
7,8,468,625
7,9,471,620
7,10,471,615
7,11,472,611
7,12,476,607
7,13,481,602
7,14,484,596
7,15,485,592
7,16,487,588
7,17,488,583
7,18,490,579
7,19,490,574
7,20,490,570
7,21,494,559
7,22,494,550
7,23,498,541
7,24,499,539
7,25,502,530
7,26,502,526
7,27,502,522
7,28,505,518
7,29,508,513
7,30,509,508
7,31,510,502
7,32,512,496
7,33,512,493
7,34,516,483
7,35,516,475
7,36,518,470
7,37,520,467
7,38,522,461
7,39,523,458
7,40,522,456
7,41,524,449
7,42,525,445
7,43,528,440
7,44,529,437
7,45,533,429
7,46,537,423
7,47,542,419
7,48,544,415
7,49,547,412
7,50,549,408
7,51,551,404
7,52,554,396
7,53,557,391
7,54,559,387
7,55,561,383
7,56,565,381
7,57,567,378
7,58,570,373
7,59,571,370
7,60,574,368
7,61,579,363
7,62,589,355
7,63,595,352
7,64,599,351
7,65,604,350
7,66,609,349
7,67,612,345
7,68,619,343
7,69,625,342
7,70,627,338
7,71,634,339
7,72,640,338
7,73,643,338
7,74,647,337
7,75,653,338
7,76,657,339
7,77,661,340
7,78,666,341
7,79,672,342
7,80,678,343
7,81,687,345
7,82,692,347
7,83,697,349
7,84,701,349
7,85,707,351
7,86,712,353
7,87,723,354
7,88,730,356
7,89,735,360
7,90,738,362
7,91,743,365
7,92,747,368
7,93,753,372
7,94,758,376
7,95,761,378
7,96,765,381
7,97,769,385
7,98,773,388
7,99,779,392
7,100,781,395
7,101,784,398
7,102,788,401
7,103,792,403
7,104,796,411
7,105,800,416
7,106,802,420
7,107,807,425
7,108,808,433
7,109,809,434
7,110,812,441
7,111,812,451
7,112,812,454
7,113,813,457
7,114,818,464
7,115,818,470
7,116,819,473
7,117,819,475
7,118,820,485
7,119,820,489
7,120,820,495
7,121,821,497
7,122,821,504
7,123,819,509
7,124,820,511
7,125,818,518
7,126,812,523
7,127,808,525
7,128,807,523
7,129,806,523
7,130,805,522
7,131,802,520
7,132,798,519
7,133,796,520
7,134,796,519
7,135,801,518
7,136,806,517
7,137,815,515
7,138,820,515
7,139,824,515
7,140,827,514
7,141,830,511
7,142,832,509
7,143,836,508
7,144,838,503
7,145,840,501
7,146,842,499
7,147,844,497
7,148,846,495
7,149,848,494
7,150,850,493
7,151,853,491
7,152,855,489
7,153,856,487
7,154,858,485
7,155,857,484
7,156,857,484
7,157,856,484
7,158,854,485
7,159,856,488
7,160,857,489
7,161,858,490
7,162,859,490
7,163,860,491
7,164,863,493
7,165,867,497
7,166,869,499
7,167,872,502
7,168,876,505
7,169,882,505
7,170,887,504
7,171,890,504
7,172,892,504
7,173,893,506
7,174,893,511
7,175,892,519
7,176,894,522
7,177,898,522
7,178,901,525
7,179,903,531
7,180,904,533
7,181,905,536
7,182,906,539
7,183,908,542
7,184,911,545
7,185,912,555
7,186,915,563
7,187,917,566
7,188,918,567
7,189,921,569
7,190,924,571
7,191,927,575
7,192,931,581
7,193,937,586
7,194,941,589
7,195,942,591
7,196,947,594
7,197,956,598
7,198,965,602
7,199,973,606
7,200,974,606
7,201,976,610
7,202,980,612
7,203,982,613
7,204,985,615
7,205,991,618
7,206,994,622
7,207,1000,627
7,208,1005,629
7,209,1008,632
7,210,1011,634
7,211,1014,638
7,212,1021,640
7,213,1026,641
7,214,1031,644
7,215,1035,647
7,216,1039,650
7,217,1043,653
7,218,1048,655
7,219,1052,657
7,220,1059,661
7,221,1064,664
7,222,1069,667
7,223,1074,670
7,224,1078,673
7,225,1083,675
7,226,1087,676
7,227,1091,679
7,228,1094,681
7,229,1099,683
7,230,1101,684
7,231,1104,686
7,232,1108,689
7,233,1112,690
7,234,1121,694
7,235,1127,697
7,236,1133,700
7,237,1139,704
7,238,1143,705
7,239,1146,707
7,240,1148,709
7,241,1151,711
7,242,1155,713
7,243,1158,715
7,244,1163,718
7,245,1165,719
7,246,1170,719
7,247,1173,721
7,248,1177,722
7,249,1180,724
7,250,1185,726
7,251,1191,729
7,252,1195,730
7,253,1198,732
7,254,1202,733
7,255,1206,734
7,256,1214,739
7,257,1219,742
7,258,1222,744
7,259,1224,746
7,260,1232,751
7,261,1239,755
7,262,1244,755
7,263,1247,756
7,264,1250,761
7,265,1254,765
7,266,1259,767
7,267,1263,771
7,268,1265,776
7,269,1266,781
7,270,1267,786
7,271,1269,792
7,272,1270,796
7,273,1271,800
7,274,1274,806
7,275,1275,810
7,276,1277,814
7,277,1279,817
7,278,1284,828
7,279,1286,833
7,280,1287,838
7,281,1287,842
7,282,1287,846
7,283,1288,850
7,284,1289,855
7,285,1290,860
7,286,1288,878
7,287,1288,883
7,288,1287,887
7,289,1288,891
7,290,1287,894
7,291,1284,896
7,292,1282,899
7,293,1281,903
7,294,1278,907
7,295,1277,909
7,296,1276,910
7,297,1274,910
7,298,1272,910
7,299,1271,910
7,300,1269,910
7,301,1274,907
7,302,1276,904
7,303,1277,902
7,304,1277,902
7,305,1276,904
7,306,1278,907
7,307,1280,909
7,308,1281,913
7,309,1282,915
7,310,1283,919
7,311,1284,924
7,312,1285,928
7,313,1286,931
7,314,1288,933
7,315,1289,933
7,316,1289,934
7,317,1291,935
7,318,1291,936
7,319,1291,937
7,320,1292,939
7,321,1291,939
7,322,1291,940
7,323,1292,942
7,324,1293,944
7,325,1293,944
7,326,1294,945
7,327,1294,945
7,328,1295,946
7,329,1295,947
7,330,1296,947
7,331,1296,947
7,332,1297,948
7,333,1299,948
7,334,1300,948
7,335,1301,949
7,336,1302,949
7,337,1303,949
7,338,1305,945
7,339,1306,944
7,340,1306,944
7,341,1306,944
7,342,1307,943
7,343,1307,942
8,1,711,1299
8,2,709,1295
8,3,706,1295
8,4,707,1293
8,5,705,1290
8,6,702,1288
8,7,701,1288
8,8,701,1287
8,9,699,1286
8,10,698,1285
8,11,696,1282
8,12,691,1281
8,13,685,1277
8,14,680,1273
8,15,677,1270
8,16,674,1270
8,17,671,1271
8,18,670,1271
8,19,669,1268
8,20,666,1267
8,21,662,1265
8,22,659,1269
8,23,657,1269
8,24,654,1267
8,25,648,1261
8,26,647,1258
8,27,647,1258
8,28,644,1255
8,29,638,1253
8,30,635,1252
8,31,631,1251
8,32,626,1247
8,33,624,1244
8,34,623,1238
8,35,619,1234
8,36,614,1234
8,37,611,1235
8,38,607,1231
8,39,605,1229
8,40,603,1227
8,41,602,1223
8,42,600,1220
8,43,594,1214
8,44,590,1213
8,45,589,1207
8,46,590,1202
8,47,589,1198
8,48,586,1197
8,49,584,1194
8,50,583,1191
8,51,584,1183
8,52,581,1178
8,53,580,1173
8,54,580,1166
8,55,582,1162
8,56,581,1155
8,57,583,1153
8,58,583,1148
8,59,587,1142
8,60,592,1138
8,61,595,1134
8,62,600,1126
8,63,605,1122
8,64,610,1118
8,65,612,1112
8,66,616,1110
8,67,620,1109
8,68,630,1107
8,69,637,1105
8,70,641,1103
8,71,645,1104
8,72,650,1105
8,73,654,1106
8,74,659,1106
8,75,662,1106
8,76,670,1108
8,77,676,1111
8,78,679,1112
8,79,685,1118
8,80,690,1122
8,81,691,1125
8,82,695,1126
8,83,699,1131
8,84,700,1135
8,85,703,1141
8,86,708,1150
8,87,710,1155
8,88,711,1157
8,89,713,1163
8,90,714,1167
8,91,710,1175
8,92,710,1178
8,93,710,1186
8,94,707,1191
8,95,706,1194
8,96,702,1200
8,97,700,1205
8,98,698,1209
8,99,694,1213
8,100,690,1212
8,101,687,1216
8,102,684,1218
8,103,681,1221
8,104,675,1224
8,105,668,1227
8,106,664,1228
8,107,659,1225
8,108,658,1222
8,109,653,1220
8,110,649,1220
8,111,646,1224
8,112,644,1226
8,113,639,1224
8,114,639,1220
8,115,639,1217
8,116,639,1217
8,117,638,1215
8,118,638,1215
8,119,638,1210
8,120,644,1209
8,121,646,1210
8,122,649,1209
8,123,651,1208
8,124,650,1206
8,125,650,1207
8,126,651,1208
8,127,652,1208
8,128,654,1208
8,129,653,1207
8,130,654,1208
8,131,655,1208
8,132,653,1208
8,133,656,1208
8,134,661,1207
8,135,661,1206
8,136,665,1206
8,137,669,1205
8,138,673,1204
8,139,675,1205
8,140,677,1205
8,141,680,1205
9,1,940,1335
9,2,943,1330
9,3,942,1330
9,4,942,1326
9,5,940,1324
9,6,939,1319
9,7,943,1314
9,8,949,1311
9,9,950,1302
9,10,952,1298
9,11,958,1294
9,12,960,1290
9,13,961,1282
9,14,965,1277
9,15,970,1275
9,16,973,1272
9,17,972,1268
9,18,975,1266
9,19,982,1265
9,20,985,1262
9,21,995,1255
9,22,1000,1252
9,23,1005,1247
9,24,1006,1244
9,25,1016,1240
9,26,1018,1240
9,27,1020,1238
9,28,1023,1237
9,29,1027,1237
9,30,1031,1237
9,31,1038,1236
9,32,1040,1234
9,33,1043,1232
9,34,1047,1232
9,35,1052,1232
9,36,1055,1231
9,37,1059,1231
9,38,1063,1231
9,39,1065,1233
9,40,1069,1233
9,41,1073,1232
9,42,1078,1233
9,43,1077,1239
9,44,1082,1238
9,45,1089,1237
9,46,1092,1238
9,47,1095,1239
9,48,1102,1239
9,49,1108,1237
9,50,1114,1235
9,51,1116,1238
9,52,1120,1241
9,53,1126,1241
9,54,1129,1247
9,55,1131,1250
9,56,1135,1252
9,57,1138,1250
9,58,1139,1256
9,59,1140,1259
9,60,1142,1261
9,61,1147,1262
9,62,1150,1264
9,63,1155,1272
9,64,1160,1278
9,65,1162,1281
9,66,1160,1291
9,67,1161,1294
9,68,1168,1296
9,69,1170,1299
9,70,1168,1302
9,71,1164,1306
9,72,1164,1311
9,73,1162,1314
9,74,1164,1317
9,75,1164,1320
9,76,1163,1321
9,77,1162,1318
9,78,1162,1318
9,79,1163,1320
9,80,1164,1322
9,81,1167,1326
9,82,1169,1328
9,83,1170,1329
9,84,1171,1331
9,85,1171,1336
9,86,1172,1338
9,87,1173,1340
9,88,1176,1341
9,89,1178,1341
9,90,1179,1341
9,91,1181,1341
9,92,1183,1341
9,93,1185,1341
9,94,1189,1339
9,95,1191,1340
9,96,1190,1344
9,97,1190,1348
9,98,1189,1353
9,99,1196,1357
9,100,1196,1363
9,101,1195,1368
9,102,1194,1369
9,103,1196,1375
9,104,1198,1383
9,105,1195,1387
9,106,1195,1389
9,107,1195,1392
9,108,1199,1396
9,109,1203,1400
9,110,1206,1404
9,111,1204,1410
9,112,1206,1414
9,113,1207,1416
9,114,1209,1418
9,115,1210,1426
9,116,1206,1433
9,117,1204,1434
9,118,1207,1437
9,119,1209,1441
9,120,1210,1443
9,121,1210,1448
9,122,1211,1452
9,123,1207,1451
9,124,1202,1449
9,125,1195,1449
9,126,1192,1451
9,127,1187,1455
9,128,1186,1456
9,129,1190,1455
9,130,1191,1457
9,131,1192,1459
9,132,1194,1461
9,133,1197,1462
9,134,1197,1465
9,135,1195,1467
9,136,1190,1478
9,137,1188,1481
9,138,1188,1480
9,139,1190,1483
9,140,1192,1484
9,141,1189,1487
9,142,1188,1488
9,143,1186,1489
9,144,1181,1493
9,145,1179,1497
9,146,1180,1498
9,147,1180,1499
9,148,1177,1497
9,149,1175,1497
9,150,1172,1500
9,151,1173,1503
9,152,1173,1505
9,153,1173,1505
9,154,1171,1506
9,155,1170,1506
9,156,1169,1505
9,157,1169,1504
9,158,1168,1502
9,159,1167,1501
9,160,1166,1502
9,161,1164,1502
9,162,1160,1507
9,163,1158,1511
9,164,1157,1513
9,165,1156,1514
9,166,1156,1516
9,167,1151,1522
9,168,1147,1526
9,169,1146,1528
9,170,1146,1531
9,171,1146,1534
9,172,1143,1538
9,173,1141,1540
9,174,1134,1543
9,175,1129,1544
9,176,1122,1547
9,177,1121,1549
9,178,1118,1550
9,179,1113,1553
9,180,1108,1550
9,181,1106,1549
9,182,1101,1549
9,183,1099,1552
9,184,1096,1554
9,185,1092,1555
9,186,1085,1550
9,187,1084,1548
9,188,1080,1548
9,189,1078,1553
9,190,1078,1553
9,191,1078,1553
9,192,1078,1553
9,193,1075,1553
9,194,1062,1552
9,195,1058,1554
9,196,1046,1553
9,197,1040,1554
9,198,1035,1555
9,199,1033,1555
9,200,1030,1554
9,201,1026,1551
9,202,1022,1553
9,203,1019,1555
9,204,1017,1555
9,205,1008,1549
9,206,1006,1545
9,207,1001,1545
9,208,998,1544
9,209,994,1542
9,210,993,1537
9,211,991,1535
9,212,985,1531
9,213,983,1524
9,214,982,1520
9,215,981,1519
9,216,976,1515
9,217,972,1513
9,218,969,1510
9,219,969,1505
9,220,964,1501
9,221,959,1497
9,222,960,1494
9,223,964,1487
9,224,963,1484
9,225,962,1483
9,226,959,1480
9,227,957,1477
9,228,959,1473
9,229,962,1469
9,230,960,1466
9,231,959,1464
9,232,960,1461
9,233,965,1454
9,234,966,1447
9,235,965,1442
9,236,970,1437
9,237,975,1432
9,238,973,1428
9,239,970,1424
9,240,971,1423
9,241,972,1422
9,242,976,1417
9,243,979,1414
9,244,978,1409
9,245,976,1407
9,246,976,1407
9,247,978,1406
9,248,979,1405
9,249,981,1404
9,250,989,1402
9,251,989,1402
9,252,990,1407
9,253,992,1409
9,254,995,1411
9,255,998,1412
9,256,1003,1414
9,257,1005,1417
9,258,1010,1415
9,259,1011,1416
9,260,1011,1416
9,261,1011,1415
9,262,1011,1416
9,263,1011,1415
9,264,1010,1415
9,265,1006,1416
9,266,1008,1417
9,267,1010,1418
9,268,1010,1417
9,269,1011,1418
9,270,1012,1419
9,271,1015,1420
9,272,1018,1420
9,273,1020,1421
9,274,1021,1422
9,275,1023,1423
9,276,1025,1424
9,277,1028,1424
9,278,1036,1425
9,279,1041,1431
9,280,1042,1436
9,281,1045,1440
9,282,1049,1442
9,283,1050,1442
9,284,1053,1443
9,285,1053,1452
9,286,1062,1462
9,287,1063,1465
9,288,1063,1471
9,289,1062,1475
9,290,1064,1478
9,291,1066,1480
9,292,1066,1483
9,293,1056,1490
9,294,1055,1495
9,295,1056,1497
9,296,1054,1502
9,297,1053,1505
9,298,1055,1508
9,299,1057,1513
9,300,1058,1515
9,301,1053,1516
9,302,1053,1521
9,303,1053,1524
9,304,1050,1534
9,305,1050,1536
9,306,1051,1540
9,307,1052,1543
9,308,1050,1546
9,309,1048,1550
9,310,1048,1554
9,311,1048,1558
9,312,1048,1563
9,313,1049,1568
9,314,1052,1569
9,315,1054,1572
9,316,1055,1576
9,317,1056,1586
9,318,1058,1589
9,319,1059,1592
9,320,1057,1596
9,321,1058,1601
9,322,1062,1609
9,323,1061,1614
9,324,1061,1619
9,325,1062,1622
9,326,1066,1626
9,327,1067,1629
9,328,1066,1632
9,329,1071,1637
9,330,1073,1642
9,331,1076,1647
9,332,1078,1651
9,333,1081,1656
9,334,1082,1660
9,335,1080,1667
9,336,1080,1670
9,337,1083,1675
9,338,1079,1681
9,339,1078,1684
9,340,1078,1685
9,341,1079,1688
9,342,1080,1691
9,343,1075,1695
10,1,1518,319
10,2,1521,319
10,3,1524,320
10,4,1525,321
10,5,1527,323
10,6,1531,324
10,7,1533,325
10,8,1536,326
10,9,1538,326
10,10,1540,326
10,11,1542,329
10,12,1546,334
10,13,1547,337
10,14,1552,343
10,15,1554,346
10,16,1554,351
10,17,1557,356
10,18,1559,360
10,19,1560,363
10,20,1563,368
10,21,1564,377
10,22,1565,384
10,23,1565,392
10,24,1566,392
10,25,1565,401
10,26,1562,401
10,27,1563,404
10,28,1563,407
10,29,1564,411
10,30,1565,415
10,31,1564,418
10,32,1563,421
10,33,1560,425
10,34,1556,426
10,35,1553,432
10,36,1555,439
10,37,1553,443
10,38,1555,444
10,39,1553,445
10,40,1551,451
10,41,1551,453
10,42,1547,459
10,43,1544,462
10,44,1544,464
10,45,1545,470
10,46,1545,474
10,47,1544,473
10,48,1544,473
10,49,1544,473
10,50,1544,473
10,51,1544,473
10,52,1542,473
10,53,1541,473
10,54,1539,474
10,55,1537,474
10,56,1536,473
10,57,1536,472
10,58,1536,472
10,59,1535,473
10,60,1535,473
10,61,1533,473
10,62,1532,474
10,63,1529,475
10,64,1525,477
10,65,1520,480
10,66,1515,484
10,67,1515,485
10,68,1513,490
10,69,1508,495
10,70,1506,498
10,71,1503,500
10,72,1500,502
10,73,1497,504
10,74,1496,506
10,75,1494,509
10,76,1494,510
10,77,1494,514
10,78,1494,515
10,79,1493,518
10,80,1490,523
10,81,1489,525
10,82,1487,526
10,83,1484,529
10,84,1484,531
10,85,1484,537
10,86,1483,540
10,87,1481,544
10,88,1480,552
10,89,1476,555
10,90,1475,557
10,91,1474,558
10,92,1475,561
10,93,1474,562
10,94,1475,567
10,95,1472,573
10,96,1472,576
10,97,1472,577
11,1,1158,895
11,2,1159,891
11,3,1159,886
11,4,1160,887
11,5,1160,884
11,6,1165,882
11,7,1168,880
11,8,1170,879
11,9,1170,878
11,10,1172,875
11,11,1176,870
11,12,1180,868
11,13,1182,865
11,14,1185,860
11,15,1191,855
11,16,1195,852
11,17,1196,851
11,18,1199,849
11,19,1199,846
11,20,1202,844
11,21,1205,841
11,22,1212,837
11,23,1221,834
11,24,1230,833
11,25,1236,826
11,26,1235,822
11,27,1236,822
11,28,1237,822
11,29,1240,827
11,30,1240,829
11,31,1242,830
11,32,1244,826
11,33,1245,824
11,34,1249,823
11,35,1256,823
11,36,1263,824
11,37,1265,824
11,38,1266,825
11,39,1268,826
11,40,1268,827
11,41,1269,828
11,42,1270,829
11,43,1269,831
11,44,1269,831
11,45,1270,831
11,46,1274,831
11,47,1274,829
11,48,1273,825
11,49,1271,820
11,50,1267,817
11,51,1266,814
11,52,1265,810
11,53,1259,799
11,54,1257,795
11,55,1255,792
11,56,1252,790
11,57,1248,786
11,58,1244,782
11,59,1243,779
11,60,1241,776
11,61,1237,772
11,62,1235,768
11,63,1227,758
11,64,1224,751
11,65,1222,746
11,66,1222,741
11,67,1222,741
11,68,1222,739
11,69,1221,733
11,70,1218,728
11,71,1214,722
11,72,1213,716
11,73,1212,712
11,74,1211,708
11,75,1210,703
11,76,1210,700
11,77,1208,695
11,78,1207,691
11,79,1207,687
11,80,1206,682
11,81,1205,674
11,82,1204,667
11,83,1201,662
11,84,1201,658
11,85,1200,654
11,86,1200,649
11,87,1200,642
11,88,1200,635
11,89,1201,628
11,90,1203,626
11,91,1204,623
11,92,1204,618
11,93,1205,613
11,94,1209,605
11,95,1210,598
11,96,1208,591
11,97,1208,590
11,98,1210,588
11,99,1212,586
11,100,1212,583
11,101,1213,580
11,102,1215,578
11,103,1217,574
11,104,1218,567
11,105,1222,561
11,106,1227,556
11,107,1229,551
11,108,1230,545
11,109,1233,539
11,110,1236,535
11,111,1236,531
11,112,1239,528
11,113,1245,525
11,114,1244,516
11,115,1245,512
11,116,1249,508
11,117,1251,502
11,118,1254,499
11,119,1256,492
11,120,1260,487
11,121,1262,481
11,122,1262,479
11,123,1265,475
11,124,1268,471
11,125,1270,466
11,126,1274,460
11,127,1278,456
11,128,1286,451
11,129,1289,447
11,130,1293,442
11,131,1293,441
11,132,1294,439
11,133,1297,437
11,134,1299,436
11,135,1301,434
11,136,1303,431
11,137,1309,428
11,138,1314,423
11,139,1319,420
11,140,1321,418
11,141,1323,416
11,142,1327,412
11,143,1331,411
11,144,1338,407
11,145,1344,406
11,146,1346,401
11,147,1350,395
11,148,1354,395
11,149,1361,391
11,150,1367,389
11,151,1371,389
11,152,1373,386
11,153,1376,384
11,154,1378,384
11,155,1381,385
11,156,1384,385
11,157,1388,385
11,158,1393,383
11,159,1397,382
11,160,1400,382
11,161,1404,382
11,162,1407,381
11,163,1409,381
11,164,1413,381
11,165,1416,385
11,166,1416,388
11,167,1416,388
11,168,1411,386
11,169,1411,387
11,170,1415,389
11,171,1419,389
11,172,1420,389
11,173,1419,388
11,174,1421,387
11,175,1424,386
11,176,1423,382
11,177,1424,382
11,178,1426,382
11,179,1430,383
11,180,1430,385
11,181,1433,388
11,182,1434,388
11,183,1435,389
11,184,1433,388
11,185,1435,387
11,186,1439,386
11,187,1443,386
11,188,1447,387
11,189,1447,387
11,190,1447,389
11,191,1446,392
11,192,1447,390
11,193,1447,390
11,194,1447,390
11,195,1446,391
11,196,1445,389
11,197,1442,387
11,198,1435,386
11,199,1429,385
11,200,1425,383
11,201,1420,381
11,202,1416,379
11,203,1412,376
11,204,1411,374
11,205,1409,372
11,206,1407,369
11,207,1405,369
11,208,1400,367
11,209,1397,363
11,210,1395,360
11,211,1393,357
11,212,1388,352
11,213,1386,346
11,214,1383,342
11,215,1380,337
11,216,1379,333
11,217,1378,329
11,218,1375,325
11,219,1374,319
11,220,1373,315
11,221,1370,311
11,222,1367,305
11,223,1365,301
11,224,1364,298
11,225,1364,298
11,226,1363,298
11,227,1363,296
11,228,1363,294
11,229,1363,292
11,230,1363,287
11,231,1363,282
11,232,1362,277
11,233,1362,274
11,234,1359,264
11,235,1357,259
11,236,1354,251
11,237,1355,248
11,238,1356,243
11,239,1355,238
11,240,1355,235
11,241,1355,233
11,242,1357,231
11,243,1359,230
11,244,1361,230
11,245,1365,232
11,246,1366,233
11,247,1368,233
11,248,1367,228
11,249,1366,227
11,250,1366,226
11,251,1367,222
11,252,1371,213
11,253,1371,205
11,254,1373,201
11,255,1376,196
11,256,1378,192
11,257,1379,188
11,258,1380,184
11,259,1381,181
11,260,1382,176
11,261,1384,169
11,262,1386,164
11,263,1387,160
11,264,1389,156
11,265,1390,152
11,266,1392,150
11,267,1396,145
11,268,1396,140
11,269,1397,137
11,270,1400,133
11,271,1401,130
11,272,1402,126
11,273,1401,123
11,274,1404,120
11,275,1405,116
11,276,1406,112
11,277,1408,110
11,278,1409,106
11,279,1412,99
11,280,1414,95
11,281,1416,90
11,282,1418,87
11,283,1415,82
11,284,1419,75
11,285,1419,75
11,286,1422,73
11,287,1424,67
11,288,1427,56
11,289,1426,53
11,290,1431,49
11,291,1432,46
11,292,1433,41
11,293,1434,38
11,294,1437,32
11,295,1440,29
11,296,1442,24
11,297,1442,18
11,298,1444,14
11,299,1445,12
11,300,1447,10
11,301,1447,9
11,302,1448,7
11,303,1450,5
12,1,2048,890
12,2,2046,884
12,3,2046,884
12,4,2046,881
12,5,2047,879
12,6,2050,875
12,7,2050,874
12,8,2050,871
12,9,2050,868
12,10,2046,871
12,11,2045,869
12,12,2044,868
12,13,2044,865
12,14,2049,859
12,15,2055,851
12,16,2060,848
12,17,2064,845
12,18,2064,843
12,19,2062,838
12,20,2060,833
12,21,2065,824
12,22,2070,821
12,23,2076,816
12,24,2080,813
12,25,2085,810
12,26,2084,809
12,27,2086,809
12,28,2088,810
12,29,2090,812
12,30,2091,812
12,31,2093,811
12,32,2099,810
12,33,2101,809
12,34,2105,808
12,35,2108,808
12,36,2110,809
12,37,2111,812
12,38,2114,813
12,39,2116,813
12,40,2118,810
12,41,2120,810
12,42,2122,809
12,43,2124,809
12,44,2127,810
12,45,2130,814
12,46,2134,815
12,47,2138,814
12,48,2141,814
12,49,2142,810
12,50,2144,808
12,51,2148,808
12,52,2152,807
12,53,2159,807
12,54,2162,809
12,55,2166,809
12,56,2168,806
12,57,2170,807
12,58,2176,805
12,59,2180,806
12,60,2181,806
12,61,2183,807
12,62,2194,809
12,63,2199,810
12,64,2203,811
12,65,2206,811
12,66,2211,813
12,67,2214,814
12,68,2220,813
12,69,2225,814
12,70,2229,814
12,71,2232,814
12,72,2235,816
12,73,2238,817
12,74,2241,818
12,75,2243,817
12,76,2244,817
12,77,2245,819
12,78,2248,820
12,79,2249,821
12,80,2253,825
12,81,2254,826
12,82,2260,831
12,83,2263,835
12,84,2266,839
12,85,2269,842
12,86,2273,846
12,87,2276,849
12,88,2279,852
12,89,2282,855
12,90,2285,857
12,91,2289,862
12,92,2291,865
12,93,2293,867
12,94,2298,873
12,95,2301,875
12,96,2304,878
12,97,2306,880
12,98,2308,882
12,99,2311,886
12,100,2314,888
12,101,2315,891
12,102,2316,894
12,103,2317,896
12,104,2319,898
12,105,2321,906
12,106,2323,913
12,107,2325,916
12,108,2327,921
12,109,2328,922
12,110,2330,926
12,111,2332,928
12,112,2334,931
12,113,2334,936
12,114,2334,939
12,115,2337,945
12,116,2338,949
12,117,2341,953
12,118,2342,956
12,119,2344,965
12,120,2346,969
12,121,2348,974
12,122,2349,977
12,123,2352,980
12,124,2352,983
12,125,2353,989
12,126,2354,995
12,127,2355,998
12,128,2356,1005
12,129,2357,1009
12,130,2360,1014
12,131,2361,1016
12,132,2361,1019
12,133,2361,1022
12,134,2362,1027
12,135,2365,1030
12,136,2365,1033
12,137,2367,1039
12,138,2367,1044
12,139,2367,1049
12,140,2366,1053
12,141,2370,1056
12,142,2371,1061
12,143,2371,1067
12,144,2371,1072
12,145,2371,1076
12,146,2375,1081
12,147,2376,1086
12,148,2377,1089
12,149,2376,1092
12,150,2376,1096
12,151,2380,1101
12,152,2381,1109
12,153,2381,1111
12,154,2381,1115
12,155,2382,1122
12,156,2382,1124
12,157,2385,1132
12,158,2386,1138
12,159,2386,1143
12,160,2386,1145
12,161,2388,1150
12,162,2389,1154
12,163,2391,1158
12,164,2392,1160
12,165,2392,1164
12,166,2393,1171
12,167,2393,1177
12,168,2394,1182
12,169,2395,1185
12,170,2395,1192
12,171,2395,1196
12,172,2395,1199
12,173,2395,1202
12,174,2396,1206
12,175,2396,1213
12,176,2396,1219
12,177,2396,1224
12,178,2399,1228
12,179,2401,1232
12,180,2405,1235
12,181,2409,1238
12,182,2411,1238
12,183,2413,1242
12,184,2417,1248
12,185,2421,1257
12,186,2423,1260
12,187,2425,1262
12,188,2427,1265
12,189,2430,1267
12,190,2431,1268
12,191,2433,1273
12,192,2433,1277
12,193,2436,1280
12,194,2439,1288
12,195,2441,1287
12,196,2448,1300
12,197,2452,1304
12,198,2454,1308
12,199,2458,1313
12,200,2461,1317
12,201,2462,1318
12,202,2465,1321
12,203,2467,1324
12,204,2470,1328
12,205,2474,1333
12,206,2477,1339
12,207,2480,1342
12,208,2482,1346
12,209,2485,1349
12,210,2488,1351
12,211,2490,1354
12,212,2494,1361
12,213,2497,1364
12,214,2500,1368
12,215,2502,1372
12,216,2505,1375
12,217,2509,1378
12,218,2513,1380
12,219,2518,1384
12,220,2523,1389
12,221,2527,1392
12,222,2529,1394
12,223,2530,1397
12,224,2532,1400
12,225,2534,1403
12,226,2537,1405
12,227,2541,1408
12,228,2543,1410
12,229,2546,1413
12,230,2549,1417
12,231,2552,1421
12,232,2556,1424
12,233,2563,1428
12,234,2571,1428
12,235,2579,1431
12,236,2582,1434
12,237,2583,1436
12,238,2594,1437
12,239,2594,1440
12,240,2598,1441
12,241,2600,1442
12,242,2605,1444
12,243,2610,1447
12,244,2614,1449
12,245,2618,1451
12,246,2621,1453
12,247,2625,1455
12,248,2630,1459
12,249,2633,1462
12,250,2642,1468
12,251,2647,1468
12,252,2653,1471
12,253,2657,1472
12,254,2662,1474
12,255,2668,1478
12,256,2672,1478
12,257,2677,1480
12,258,2680,1482
12,259,2683,1481
12,260,2685,1481
12,261,2689,1480
12,262,2693,1477
12,263,2693,1477
12,264,2695,1475
12,265,2697,1472
12,266,2700,1470
12,267,2700,1469
12,268,2700,1467
12,269,2700,1465
12,270,2701,1461
12,271,2702,1457
12,272,2704,1453
12,273,2704,1449
12,274,2704,1444
12,275,2703,1437
12,276,2701,1434
12,277,2698,1429
12,278,2695,1419
12,279,2692,1410
12,280,2688,1403
12,281,2684,1397
12,282,2682,1393
12,283,2679,1388
12,284,2675,1382
12,285,2670,1374
12,286,2663,1361
12,287,2658,1353
12,288,2656,1347
12,289,2654,1343
12,290,2650,1337
12,291,2647,1331
12,292,2645,1326
12,293,2640,1319
12,294,2635,1315
12,295,2631,1310
12,296,2629,1307
12,297,2625,1301
12,298,2622,1296
12,299,2619,1293
12,300,2616,1288
12,301,2613,1284
12,302,2609,1278
12,303,2604,1273
12,304,2599,1268
12,305,2597,1264
12,306,2595,1260
12,307,2593,1256
12,308,2590,1250
12,309,2587,1246
12,310,2585,1242
12,311,2583,1236
12,312,2581,1231
12,313,2577,1228
12,314,2575,1226
12,315,2572,1222
12,316,2569,1217
12,317,2566,1211
12,318,2562,1204
12,319,2560,1201
12,320,2556,1199
12,321,2553,1194
12,322,2550,1189
12,323,2546,1185
12,324,2543,1182
12,325,2541,1180
12,326,2540,1178
12,327,2538,1174
12,328,2537,1171
12,329,2536,1171
12,330,2534,1171
12,331,2533,1169
12,332,2532,1163
12,333,2530,1158
12,334,2529,1154
12,335,2526,1153
12,336,2522,1150
12,337,2520,1145
12,338,2518,1141
12,339,2518,1139
12,340,2515,1138
12,341,2515,1138
12,342,2513,1136
12,343,2511,1134
13,1,2266,806
13,2,2265,811
13,3,2264,812
13,4,2266,815
13,5,2265,816
13,6,2264,819
13,7,2265,824
13,8,2265,829
13,9,2263,833
13,10,2262,840
13,11,2261,843
13,12,2262,848
13,13,2257,855
13,14,2255,859
13,15,2255,863
13,16,2256,866
13,17,2254,872
13,18,2253,875
13,19,2251,878
13,20,2249,883
13,21,2243,891
13,22,2240,894
13,23,2239,897
13,24,2238,902
13,25,2228,911
13,26,2230,909
13,27,2226,914
13,28,2224,917
13,29,2219,917
13,30,2215,917
13,31,2211,920
13,32,2207,922
13,33,2205,923
13,34,2201,926
13,35,2194,930
13,36,2191,932
13,37,2186,934
13,38,2180,934
13,39,2177,936
13,40,2174,939
13,41,2171,941
13,42,2166,942
13,43,2162,943
13,44,2158,947
13,45,2150,948
13,46,2147,949
13,47,2142,950
13,48,2137,950
13,49,2134,953
13,50,2129,956
13,51,2125,955
13,52,2122,955
13,53,2115,956
13,54,2111,960
13,55,2105,961
13,56,2100,961
13,57,2097,960
13,58,2095,960
13,59,2093,962
13,60,2089,963
13,61,2087,963
13,62,2078,962
13,63,2074,961
13,64,2073,960
13,65,2073,962
13,66,2075,963
13,67,2075,963
13,68,2078,963
13,69,2087,962
13,70,2093,957
13,71,2098,954
13,72,2100,952
13,73,2105,949
13,74,2111,947
13,75,2117,945
13,76,2120,943
13,77,2125,941
13,78,2128,940
13,79,2136,937
13,80,2139,935
13,81,2142,934
13,82,2145,932
13,83,2150,930
13,84,2155,927
13,85,2161,926
13,86,2165,925
13,87,2172,920
13,88,2176,919
13,89,2179,917
13,90,2184,915
13,91,2187,914
13,92,2190,912
13,93,2198,909
13,94,2202,908
13,95,2207,907
13,96,2212,906
13,97,2216,905
13,98,2219,904
13,99,2223,899
13,100,2229,903
13,101,2235,902
13,102,2240,900
13,103,2244,899
13,104,2253,901
13,105,2257,904
13,106,2259,905
13,107,2267,903
13,108,2272,902
13,109,2276,903
13,110,2280,905
13,111,2282,907
13,112,2285,907
13,113,2289,906
13,114,2299,904
13,115,2307,906
13,116,2309,906
13,117,2312,905
13,118,2322,905
13,119,2326,904
13,120,2329,905
13,121,2334,905
13,122,2338,905
13,123,2340,901
13,124,2340,896
13,125,2350,895
13,126,2357,891
13,127,2363,890
13,128,2366,892
13,129,2370,894
13,130,2375,895
13,131,2380,894
13,132,2384,894
13,133,2386,894
13,134,2390,899
13,135,2392,901
13,136,2400,901
13,137,2405,903
13,138,2409,904
13,139,2413,910
13,140,2417,910
13,141,2422,910
13,142,2425,911
13,143,2432,912
13,144,2436,912
13,145,2440,913
13,146,2444,915
13,147,2448,915
13,148,2452,915
13,149,2456,912
13,150,2461,912
13,151,2466,915
13,152,2472,917
13,153,2477,918
13,154,2483,919
13,155,2488,919
13,156,2489,922
13,157,2494,924
13,158,2496,925
13,159,2499,927
13,160,2500,927
13,161,2502,924
13,162,2505,922
13,163,2511,920
13,164,2517,920
13,165,2521,921
13,166,2524,919
13,167,2531,920
13,168,2535,919
13,169,2541,918
13,170,2543,917
13,171,2547,916
13,172,2550,915
13,173,2552,915
13,174,2559,918
13,175,2564,913
13,176,2565,912
13,177,2569,911
13,178,2575,913
13,179,2578,915
13,180,2578,917
13,181,2580,920
13,182,2582,922
13,183,2584,922
13,184,2586,926
13,185,2587,925
13,186,2589,924
13,187,2589,921
13,188,2588,920
13,189,2591,920
13,190,2593,920
13,191,2595,919
13,192,2599,915
13,193,2603,909
13,194,2605,907
13,195,2606,906
13,196,2606,898
13,197,2609,894
13,198,2612,887
13,199,2614,887
13,200,2617,883
13,201,2617,880
13,202,2617,878
13,203,2618,877
13,204,2619,872
13,205,2620,867
13,206,2624,863
13,207,2628,864
13,208,2632,866
13,209,2637,866
13,210,2642,866
13,211,2645,863
13,212,2645,859
13,213,2648,855
13,214,2649,854
13,215,2649,852
13,216,2650,847
13,217,2650,845
13,218,2650,841
13,219,2652,837
13,220,2652,831
13,221,2655,825
13,222,2653,826
13,223,2651,824
13,224,2647,818
13,225,2644,813
13,226,2643,809
13,227,2642,806
13,228,2641,804
13,229,2640,803
13,230,2641,801
13,231,2642,797
13,232,2644,793
13,233,2646,791
13,234,2649,790
13,235,2650,792
13,236,2650,793
13,237,2652,793
13,238,2652,793
13,239,2654,790
13,240,2658,788
13,241,2663,785
13,242,2665,782
13,243,2668,779
13,244,2672,775
13,245,2673,772
13,246,2675,769
13,247,2680,765
13,248,2684,764
13,249,2685,763
13,250,2690,760
13,251,2695,755
13,252,2698,752
13,253,2699,748
13,254,2701,747
13,255,2705,745
13,256,2706,742
13,257,2709,737
13,258,2713,735
13,259,2717,733
13,260,2719,727
13,261,2720,720
13,262,2728,719
13,263,2729,716
13,264,2732,712
13,265,2738,711
13,266,2739,708
13,267,2742,708
13,268,2745,707
13,269,2749,702
13,270,2751,700
13,271,2755,699
13,272,2758,696
13,273,2760,694
13,274,2762,692
13,275,2764,692
13,276,2765,692
13,277,2765,691
13,278,2759,693
13,279,2754,693
13,280,2748,699
13,281,2744,702
13,282,2741,706
13,283,2741,710
13,284,2738,713
13,285,2733,714
13,286,2722,717
13,287,2715,720
13,288,2712,722
13,289,2708,723
13,290,2703,725
13,291,2700,726
13,292,2696,728
13,293,2693,731
13,294,2688,734
13,295,2683,735
13,296,2679,736
13,297,2676,737
13,298,2675,738
13,299,2672,739
13,300,2667,742
13,301,2663,745
13,302,2659,748
13,303,2654,751
13,304,2651,752
13,305,2648,754
13,306,2644,756
13,307,2641,758
13,308,2638,760
13,309,2636,762
13,310,2630,766
13,311,2626,768
13,312,2621,775
13,313,2619,776
13,314,2615,778
13,315,2612,779
13,316,2608,782
13,317,2603,783
13,318,2595,786
13,319,2590,788
13,320,2588,789
13,321,2584,790
13,322,2578,790
13,323,2570,791
13,324,2565,792
13,325,2562,793
13,326,2561,794
13,327,2557,797
13,328,2555,798
13,329,2548,801
13,330,2542,802
13,331,2539,803
13,332,2534,804
13,333,2532,806
13,334,2528,808
13,335,2525,809
13,336,2520,810
13,337,2514,813
13,338,2511,814
13,339,2508,816
13,340,2507,817
13,341,2502,818
13,342,2497,821
13,343,2493,822
14,1,1897,1119
14,2,1898,1114
14,3,1900,1113
14,4,1901,1110
14,5,1903,1107
14,6,1905,1103
14,7,1907,1100
14,8,1909,1097
14,9,1911,1095
14,10,1912,1092
14,11,1916,1088
14,12,1920,1087
14,13,1924,1081
14,14,1928,1076
14,15,1932,1073
14,16,1935,1068
14,17,1938,1064
14,18,1941,1064
14,19,1942,1060
14,20,1946,1056
14,21,1952,1053
14,22,1955,1047
14,23,1963,1041
14,24,1963,1040
14,25,1972,1039
14,26,1975,1037
14,27,1982,1034
14,28,1985,1034
14,29,1986,1034
14,30,1989,1034
14,31,1995,1033
14,32,2002,1027
14,33,2004,1027
14,34,2011,1025
14,35,2016,1024
14,36,2020,1021
14,37,2022,1021
14,38,2028,1019
14,39,2029,1018
14,40,2033,1019
14,41,2037,1019
14,42,2041,1019
14,43,2046,1019
14,44,2051,1019
14,45,2055,1019
14,46,2059,1020
14,47,2065,1020
14,48,2069,1021
14,49,2073,1021
14,50,2077,1022
14,51,2081,1023
14,52,2088,1025
14,53,2091,1027
14,54,2097,1029
14,55,2099,1030
14,56,2104,1033
14,57,2108,1035
14,58,2111,1037
14,59,2115,1038
14,60,2119,1039
14,61,2123,1042
14,62,2133,1047
14,63,2137,1049
14,64,2140,1052
14,65,2144,1054
14,66,2148,1058
14,67,2151,1062
14,68,2158,1065
14,69,2162,1069
14,70,2162,1072
14,71,2164,1075
14,72,2167,1076
14,73,2167,1078
14,74,2169,1080
14,75,2170,1083
14,76,2174,1087
14,77,2175,1092
14,78,2176,1094
14,79,2182,1097
14,80,2187,1099
14,81,2188,1103
14,82,2190,1106
14,83,2194,1111
14,84,2196,1113
14,85,2199,1115
14,86,2201,1121
14,87,2206,1124
14,88,2208,1127
14,89,2208,1130
14,90,2207,1133
14,91,2208,1135
14,92,2209,1136
14,93,2210,1138
14,94,2216,1143
14,95,2218,1143
14,96,2219,1145
14,97,2214,1143
14,98,2211,1142
14,99,2210,1140
14,100,2207,1146
14,101,2205,1145
14,102,2201,1144
14,103,2197,1144
14,104,2193,1141
14,105,2190,1139
14,106,2187,1137
14,107,2183,1137
14,108,2181,1138
14,109,2178,1135
14,110,2175,1134
14,111,2170,1133
14,112,2165,1133
14,113,2161,1133
14,114,2157,1132
14,115,2152,1130
14,116,2150,1132
14,117,2146,1133
14,118,2138,1137
14,119,2135,1135
14,120,2132,1134
14,121,2127,1132
14,122,2125,1130
14,123,2122,1133
14,124,2117,1135
14,125,2110,1135
14,126,2105,1134
14,127,2103,1131
14,128,2099,1130
14,129,2096,1131
14,130,2092,1134
14,131,2088,1136
14,132,2085,1137
14,133,2080,1134
14,134,2078,1131
14,135,2074,1132
14,136,2070,1135
14,137,2063,1135
14,138,2061,1133
14,139,2060,1131
14,140,2058,1128
14,141,2053,1126
14,142,2050,1129
14,143,2044,1131
14,144,2040,1132
14,145,2037,1129
14,146,2036,1126
14,147,2034,1124
14,148,2028,1127
14,149,2026,1128
14,150,2022,1129
14,151,2015,1126
14,152,2012,1124
14,153,2009,1123
14,154,2002,1124
14,155,1998,1125
14,156,1993,1125
14,157,1985,1123
14,158,1980,1123
14,159,1976,1123
14,160,1975,1123
14,161,1974,1123
14,162,1971,1123
14,163,1971,1121
14,164,1970,1121
14,165,1967,1121
15,1,1367,1780
15,2,1371,1778
15,3,1371,1777
15,4,1373,1775
15,5,1373,1774
15,6,1374,1772
15,7,1374,1769
15,8,1377,1764
15,9,1379,1761
15,10,1378,1758
15,11,1381,1758
15,12,1383,1755
15,13,1388,1753
15,14,1392,1752
15,15,1394,1747
15,16,1396,1744
15,17,1397,1740
15,18,1400,1736
15,19,1404,1734
15,20,1408,1729
15,21,1417,1723
15,22,1420,1715
15,23,1423,1712
15,24,1424,1711
15,25,1428,1710
15,26,1426,1709
15,27,1430,1709
15,28,1432,1709
15,29,1435,1706
15,30,1439,1703
15,31,1444,1698
15,32,1448,1697
15,33,1450,1693
15,34,1454,1690
15,35,1458,1686
15,36,1462,1684
15,37,1464,1681
15,38,1467,1679
15,39,1470,1678
15,40,1476,1676
15,41,1480,1674
15,42,1485,1670
15,43,1488,1668
15,44,1491,1667
15,45,1496,1663
15,46,1500,1661
15,47,1503,1659
15,48,1505,1658
15,49,1506,1657
15,50,1510,1654
15,51,1515,1651
15,52,1520,1646
15,53,1527,1644
15,54,1530,1644
15,55,1538,1640
15,56,1540,1637
15,57,1543,1636
15,58,1547,1634
15,59,1550,1632
15,60,1553,1629
15,61,1557,1628
15,62,1562,1625
15,63,1572,1623
15,64,1578,1618
15,65,1582,1617
15,66,1585,1616
15,67,1588,1615
15,68,1596,1610
15,69,1600,1609
15,70,1605,1608
15,71,1610,1605
15,72,1611,1604
15,73,1614,1603
15,74,1618,1602
15,75,1621,1601
15,76,1625,1599
15,77,1629,1598
15,78,1633,1597
15,79,1641,1593
15,80,1646,1591
15,81,1650,1592
15,82,1653,1591
15,83,1656,1589
15,84,1660,1587
15,85,1663,1585
15,86,1667,1584
15,87,1672,1581
15,88,1677,1578
15,89,1683,1577
15,90,1687,1575
15,91,1689,1574
15,92,1694,1573
15,93,1698,1574
15,94,1700,1574
15,95,1703,1572
15,96,1707,1571
15,97,1710,1570
15,98,1713,1570
15,99,1716,1570
15,100,1720,1566
15,101,1723,1564
15,102,1728,1560
15,103,1732,1562
15,104,1739,1562
15,105,1741,1559
15,106,1743,1556
15,107,1744,1555
15,108,1747,1554
15,109,1750,1553
15,110,1754,1553
15,111,1758,1554
15,112,1763,1552
15,113,1768,1549
15,114,1774,1548
15,115,1779,1548
15,116,1784,1547
15,117,1787,1547
15,118,1793,1546
15,119,1799,1546
15,120,1806,1546
15,121,1811,1548
15,122,1814,1544
15,123,1820,1544
15,124,1823,1542
15,125,1826,1542
15,126,1827,1541
15,127,1829,1541
15,128,1830,1537
15,129,1832,1534
15,130,1834,1533
15,131,1836,1533
15,132,1836,1530
15,133,1837,1530
15,134,1837,1528
15,135,1838,1527
15,136,1840,1526
15,137,1839,1523
15,138,1837,1521
15,139,1837,1519
15,140,1838,1518
15,141,1838,1517
15,142,1839,1516
15,143,1839,1515
15,144,1838,1513
15,145,1836,1511
15,146,1836,1510
15,147,1835,1509
15,148,1834,1507
15,149,1833,1500
15,150,1832,1494
15,151,1829,1490
15,152,1828,1486
15,153,1827,1482
15,154,1824,1475
15,155,1823,1470
16,1,2253,1546
16,2,2255,1548
16,3,2255,1548
16,4,2257,1553
16,5,2259,1556
16,6,2262,1558
16,7,2263,1558
16,8,2263,1560
16,9,2265,1562
16,10,2266,1565
16,11,2268,1568
16,12,2271,1573
16,13,2275,1577
16,14,2278,1578
16,15,2280,1582
16,16,2281,1588
16,17,2281,1591
16,18,2282,1595
16,19,2284,1599
16,20,2286,1601
16,21,2292,1608
16,22,2294,1613
16,23,2292,1617
16,24,2293,1617
16,25,2293,1620
16,26,2293,1620
16,27,2293,1620
16,28,2293,1617
16,29,2293,1613
16,30,2291,1609
16,31,2289,1607
16,32,2287,1604
16,33,2286,1599
16,34,2286,1587
16,35,2285,1582
16,36,2283,1578
16,37,2283,1575
16,38,2280,1570
16,39,2276,1568
16,40,2274,1566
16,41,2272,1562
16,42,2267,1560
16,43,2265,1559
16,44,2265,1559
16,45,2265,1552
16,46,2263,1550
16,47,2263,1544
16,48,2263,1541
16,49,2261,1538
16,50,2262,1535
16,51,2258,1532
16,52,2253,1532
16,53,2250,1531
16,54,2248,1529
16,55,2244,1527
16,56,2241,1525
16,57,2238,1522
16,58,2236,1520
16,59,2232,1517
16,60,2230,1514
16,61,2224,1512
16,62,2217,1507
16,63,2213,1504
16,64,2211,1502
16,65,2209,1499
16,66,2208,1496
16,67,2206,1493
16,68,2201,1487
16,69,2196,1481
16,70,2193,1477
16,71,2190,1473
16,72,2188,1468
16,73,2184,1465
16,74,2184,1461
16,75,2183,1455
16,76,2180,1452
16,77,2177,1449
16,78,2174,1445
16,79,2170,1438
16,80,2168,1433
16,81,2165,1427
16,82,2161,1424
16,83,2160,1418
16,84,2158,1415
16,85,2154,1409
16,86,2152,1404
16,87,2149,1399
16,88,2148,1394
16,89,2145,1388
16,90,2144,1385
16,91,2144,1380
16,92,2142,1376
16,93,2143,1367
16,94,2142,1363
16,95,2140,1358
16,96,2139,1354
16,97,2139,1350
16,98,2138,1344
16,99,2136,1340
16,100,2134,1334
16,101,2134,1329
16,102,2134,1324
16,103,2134,1319
16,104,2133,1312
16,105,2134,1306
16,106,2134,1301
16,107,2133,1296
16,108,2133,1292
16,109,2133,1286
16,110,2133,1280
16,111,2132,1275
16,112,2132,1270
16,113,2133,1266
16,114,2134,1258
16,115,2134,1253
16,116,2133,1247
16,117,2134,1242
16,118,2135,1234
16,119,2135,1229
16,120,2136,1224
16,121,2136,1219
16,122,2136,1213
16,123,2138,1209
16,124,2138,1206
16,125,2139,1201
16,126,2139,1194
16,127,2138,1189
16,128,2138,1184
16,129,2138,1180
16,130,2139,1175
16,131,2138,1170
16,132,2139,1165
16,133,2140,1162
16,134,2139,1157
16,135,2138,1153
16,136,2139,1146
16,137,2140,1140
16,138,2141,1135
16,139,2143,1130
16,140,2142,1127
16,141,2142,1123
16,142,2144,1120
16,143,2145,1113
16,144,2146,1107
16,145,2147,1103
16,146,2148,1098
16,147,2150,1094
16,148,2149,1090
16,149,2148,1086
16,150,2151,1077
16,151,2152,1074
16,152,2152,1069
16,153,2153,1062
16,154,2153,1057
16,155,2155,1051
16,156,2156,1048
16,157,2157,1041
16,158,2158,1035
16,159,2160,1031
16,160,2161,1029
16,161,2162,1022
16,162,2162,1015
16,163,2164,1011
16,164,2163,1006
16,165,2163,1001
16,166,2164,997
16,167,2164,990
16,168,2167,983
16,169,2167,978
16,170,2167,976
16,171,2168,971
16,172,2167,965
16,173,2168,961
16,174,2167,956
16,175,2169,949
16,176,2169,942
16,177,2170,938
16,178,2170,931
16,179,2172,922
16,180,2172,916
16,181,2172,912
16,182,2172,907
16,183,2173,902
16,184,2175,898
16,185,2175,894
16,186,2177,887
16,187,2177,881
16,188,2177,877
16,189,2177,875
16,190,2177,870
16,191,2176,864
16,192,2176,858
16,193,2176,851
16,194,2176,844
16,195,2176,841
16,196,2176,828
16,197,2175,821
16,198,2175,815
16,199,2175,808
16,200,2174,805
16,201,2173,800
16,202,2172,797
16,203,2172,793
16,204,2172,789
16,205,2171,783
16,206,2171,775
16,207,2172,768
16,208,2172,764
16,209,2172,758
16,210,2172,753
16,211,2171,748
16,212,2170,738
16,213,2170,730
16,214,2170,725
16,215,2171,720
16,216,2171,715
16,217,2171,710
16,218,2170,708
16,219,2170,700
16,220,2171,693
16,221,2170,688
16,222,2171,682
16,223,2172,677
16,224,2171,673
16,225,2170,670
16,226,2172,664
16,227,2173,659
16,228,2174,656
16,229,2175,655
16,230,2175,652
16,231,2175,650
16,232,2174,648
16,233,2174,645
16,234,2180,643
16,235,2183,644
16,236,2185,644
16,237,2186,645
16,238,2186,645
16,239,2185,645
16,240,2185,645
16,241,2186,643
16,242,2186,641
16,243,2185,640
16,244,2184,639
16,245,2183,635
16,246,2182,633
16,247,2183,629
16,248,2182,628
16,249,2182,626
16,250,2183,624
16,251,2183,618
16,252,2182,617
16,253,2181,614
16,254,2181,612
16,255,2180,610
16,256,2180,607
16,257,2180,603
16,258,2180,600
16,259,2181,596
16,260,2183,592
16,261,2182,588
16,262,2182,586
16,263,2182,584
16,264,2181,584
17,1,2550,1384
17,2,2547,1387
17,3,2545,1389
17,4,2541,1390
17,5,2537,1391
17,6,2534,1392
17,7,2532,1394
17,8,2531,1397
17,9,2526,1400
17,10,2520,1403
17,11,2517,1404
17,12,2514,1407
17,13,2509,1410
17,14,2502,1413
17,15,2498,1416
17,16,2497,1419
17,17,2495,1421
17,18,2491,1421
17,19,2486,1421
17,20,2483,1425
17,21,2471,1426
17,22,2466,1428
17,23,2459,1433
17,24,2458,1433
17,25,2451,1437
17,26,2449,1437
17,27,2447,1440
17,28,2445,1441
17,29,2444,1442
17,30,2437,1443
17,31,2433,1444
17,32,2428,1448
17,33,2424,1450
17,34,2417,1449
17,35,2414,1451
17,36,2409,1451
17,37,2406,1451
17,38,2402,1451
17,39,2394,1450
17,40,2389,1452
17,41,2387,1453
17,42,2383,1450
17,43,2377,1448
17,44,2371,1451
17,45,2369,1448
17,46,2362,1446
17,47,2357,1445
17,48,2354,1445
17,49,2348,1446
17,50,2345,1446
17,51,2341,1446
17,52,2338,1444
17,53,2329,1443
17,54,2325,1442
17,55,2321,1438
17,56,2318,1436
17,57,2315,1433
17,58,2311,1431
17,59,2308,1429
17,60,2305,1424
17,61,2304,1420
17,62,2296,1413
17,63,2293,1406
17,64,2291,1401
17,65,2287,1398
17,66,2286,1394
17,67,2288,1389
17,68,2286,1383
17,69,2284,1375
17,70,2284,1371
17,71,2284,1367
17,72,2283,1364
17,73,2285,1359
17,74,2287,1356
17,75,2286,1350
17,76,2285,1346
17,77,2287,1342
17,78,2288,1337
17,79,2285,1329
17,80,2286,1324
17,81,2288,1320
17,82,2289,1317
17,83,2287,1314
17,84,2290,1308
17,85,2289,1303
17,86,2291,1297
17,87,2291,1290
17,88,2295,1287
17,89,2299,1282
17,90,2298,1278
17,91,2300,1275
17,92,2303,1272
17,93,2309,1265
17,94,2313,1261
17,95,2317,1256
17,96,2320,1253
17,97,2324,1250
17,98,2329,1244
17,99,2332,1241
17,100,2336,1239
17,101,2340,1238
17,102,2344,1236
17,103,2346,1233
17,104,2356,1232
17,105,2360,1226
17,106,2365,1224
17,107,2370,1223
17,108,2373,1222
17,109,2377,1221
17,110,2381,1220
17,111,2386,1219
17,112,2391,1218
17,113,2395,1211
17,114,2401,1212
17,115,2405,1215
17,116,2410,1212
17,117,2414,1211
17,118,2421,1216
17,119,2425,1216
17,120,2428,1217
17,121,2433,1218
17,122,2438,1220
17,123,2443,1222
17,124,2446,1223
17,125,2455,1228
17,126,2457,1228
17,127,2461,1227
17,128,2464,1230
17,129,2467,1233
17,130,2470,1234
17,131,2476,1232
17,132,2479,1234
17,133,2483,1236
17,134,2485,1238
17,135,2486,1242
17,136,2494,1245
17,137,2498,1249
17,138,2498,1253
17,139,2500,1258
17,140,2504,1260
17,141,2507,1263
17,142,2508,1268
17,143,2510,1274
17,144,2513,1279
17,145,2514,1282
17,146,2514,1287
17,147,2515,1289
17,148,2517,1293
17,149,2521,1298
17,150,2521,1308
17,151,2521,1310
17,152,2522,1314
17,153,2520,1319
17,154,2522,1322
17,155,2522,1328
17,156,2521,1335
17,157,2521,1338
17,158,2521,1344
17,159,2522,1348
17,160,2521,1348
17,161,2518,1354
17,162,2516,1358
17,163,2515,1364
17,164,2514,1367
17,165,2511,1372
17,166,2509,1376
17,167,2508,1380
17,168,2504,1384
17,169,2502,1389
17,170,2499,1392
17,171,2498,1395
17,172,2496,1399
17,173,2494,1402
17,174,2495,1403
17,175,2498,1405
17,176,2500,1403
17,177,2501,1402
17,178,2502,1402
17,179,2500,1398
17,180,2498,1396
17,181,2496,1393
17,182,2496,1390
17,183,2496,1386
17,184,2497,1383
17,185,2499,1380
17,186,2500,1376
17,187,2499,1371
17,188,2499,1370
17,189,2498,1367
17,190,2496,1364
17,191,2495,1359
17,192,2496,1354
17,193,2495,1349
17,194,2493,1349
17,195,2494,1345
17,196,2495,1340
17,197,2498,1339
17,198,2501,1339
17,199,2504,1338
17,200,2509,1335
17,201,2512,1332
17,202,2514,1330
17,203,2516,1326
17,204,2518,1323
17,205,2520,1319
17,206,2524,1316
17,207,2527,1314
17,208,2530,1316
17,209,2536,1316
17,210,2538,1314
17,211,2542,1311
17,212,2545,1309
17,213,2549,1308
17,214,2555,1308
17,215,2559,1307
17,216,2563,1307
17,217,2566,1307
17,218,2571,1303
17,219,2576,1300
17,220,2580,1299
17,221,2585,1296
17,222,2588,1297
17,223,2591,1299
17,224,2593,1300
17,225,2597,1301
17,226,2602,1299
17,227,2605,1296
17,228,2610,1292
17,229,2615,1291
17,230,2619,1291
17,231,2621,1288
17,232,2622,1287
17,233,2630,1285
17,234,2638,1279
17,235,2644,1278
17,236,2649,1279
17,237,2652,1275
17,238,2654,1272
17,239,2660,1274
17,240,2659,1274
17,241,2666,1270
17,242,2672,1270
17,243,2677,1270
17,244,2681,1268
17,245,2684,1267
17,246,2688,1269
17,247,2693,1265
17,248,2699,1266
17,249,2702,1267
17,250,2709,1266
17,251,2712,1266
17,252,2717,1264
17,253,2718,1263
17,254,2720,1265
17,255,2723,1266
17,256,2726,1266
17,257,2726,1265
17,258,2728,1262
17,259,2730,1261
17,260,2732,1258
17,261,2733,1254
17,262,2736,1250
17,263,2739,1246
17,264,2740,1243
17,265,2740,1238
17,266,2741,1232
17,267,2743,1228
17,268,2743,1225
17,269,2741,1220
17,270,2741,1216
17,271,2740,1212
17,272,2740,1207
17,273,2740,1203
17,274,2740,1200
17,275,2740,1196
17,276,2738,1190
17,277,2736,1185
17,278,2731,1172
17,279,2730,1166
17,280,2729,1162
17,281,2729,1159
17,282,2727,1156
17,283,2726,1152
17,284,2725,1150
17,285,2722,1147
17,286,2710,1137
17,287,2703,1130
17,288,2696,1128
17,289,2693,1123
17,290,2691,1120
17,291,2688,1118
17,292,2684,1117
17,293,2679,1115
17,294,2674,1112
17,295,2670,1110
17,296,2667,1105
17,297,2662,1103
17,298,2658,1101
17,299,2654,1099
17,300,2652,1095
17,301,2649,1091
17,302,2644,1088
17,303,2638,1083
17,304,2635,1080
17,305,2631,1077
17,306,2626,1076
17,307,2625,1073
17,308,2623,1071
17,309,2618,1067
17,310,2611,1064
17,311,2606,1059
17,312,2604,1055
17,313,2602,1052
17,314,2600,1050
17,315,2597,1048
17,316,2594,1044
17,317,2592,1037
17,318,2587,1032
17,319,2585,1030
17,320,2584,1026
17,321,2580,1023
17,322,2576,1018
17,323,2572,1014
17,324,2567,1008
17,325,2566,1005
17,326,2564,1002
17,327,2560,999
17,328,2557,996
17,329,2553,989
17,330,2552,985
17,331,2549,981
17,332,2545,978
17,333,2543,975
17,334,2542,971
17,335,2540,968
17,336,2538,965
17,337,2532,961
17,338,2533,957
17,339,2533,953
17,340,2533,950
17,341,2533,950
17,342,2530,950
17,343,2525,947
18,1,2071,1613
18,2,2068,1610
18,3,2067,1608
18,4,2066,1607
18,5,2064,1605
18,6,2059,1602
18,7,2058,1601
18,8,2056,1597
18,9,2055,1592
18,10,2053,1586
18,11,2051,1581
18,12,2047,1581
18,13,2047,1571
18,14,2044,1567
18,15,2042,1563
18,16,2041,1558
18,17,2042,1552
18,18,2038,1548
18,19,2036,1543
18,20,2038,1538
18,21,2038,1528
18,22,2036,1518
18,23,2033,1511
18,24,2033,1510
18,25,2032,1496
18,26,2032,1493
18,27,2031,1490
18,28,2032,1485
18,29,2032,1481
18,30,2031,1474
18,31,2031,1470
18,32,2032,1466
18,33,2035,1463
18,34,2032,1453
18,35,2031,1449
18,36,2032,1444
18,37,2032,1439
18,38,2030,1434
18,39,2029,1431
18,40,2030,1427
18,41,2032,1422
18,42,2030,1417
18,43,2029,1413
18,44,2030,1410
18,45,2032,1406
18,46,2032,1402
18,47,2032,1398
18,48,2032,1392
18,49,2033,1389
18,50,2034,1386
18,51,2034,1383
18,52,2037,1372
18,53,2037,1366
18,54,2041,1360
18,55,2044,1356
18,56,2047,1351
18,57,2049,1346
18,58,2052,1342
18,59,2054,1337
18,60,2055,1330
18,61,2057,1326
18,62,2066,1318
18,63,2072,1315
18,64,2079,1313
18,65,2084,1310
18,66,2084,1307
18,67,2088,1304
18,68,2094,1300
18,69,2100,1294
18,70,2104,1290
18,71,2107,1288
18,72,2112,1286
18,73,2112,1284
18,74,2111,1286
18,75,2109,1287
18,76,2109,1287
18,77,2109,1289
18,78,2110,1290
18,79,2109,1289
18,80,2110,1289
18,81,2108,1288
18,82,2108,1287
18,83,2105,1287
18,84,2101,1289
18,85,2098,1290
18,86,2088,1293
18,87,2083,1296
18,88,2078,1297
18,89,2076,1296
18,90,2073,1301
18,91,2070,1301
18,92,2064,1302
18,93,2058,1305
18,94,2053,1306
18,95,2051,1307
18,96,2048,1309
18,97,2044,1310
18,98,2039,1313
18,99,2035,1313
18,100,2030,1312
18,101,2026,1315
18,102,2023,1317
18,103,2019,1318
18,104,2013,1319
18,105,2008,1322
18,106,2004,1324
18,107,2001,1323
18,108,1998,1323
18,109,1993,1327
18,110,1989,1329
18,111,1984,1328
18,112,1981,1327
18,113,1976,1330
18,114,1968,1332
18,115,1964,1332
18,116,1960,1335
18,117,1957,1338
18,118,1949,1338
18,119,1946,1340
18,120,1943,1343
18,121,1939,1343
18,122,1935,1343
18,123,1932,1344
18,124,1928,1347
18,125,1924,1346
18,126,1914,1350
18,127,1910,1354
18,128,1906,1353
18,129,1903,1353
18,130,1899,1353
18,131,1896,1356
18,132,1892,1357
18,133,1888,1358
18,134,1885,1357
18,135,1880,1358
18,136,1874,1358
18,137,1868,1358
18,138,1863,1358
18,139,1860,1360
18,140,1855,1359
18,141,1853,1358
18,142,1851,1356
18,143,1843,1355
18,144,1839,1355
18,145,1837,1355
18,146,1837,1353
18,147,1837,1352
18,148,1836,1352
18,149,1834,1351
18,150,1833,1350
18,151,1832,1348
18,152,1831,1348
18,153,1829,1348
18,154,1826,1347
18,155,1824,1346
18,156,1823,1345
18,157,1822,1345
18,158,1822,1344
18,159,1825,1344
18,160,1825,1344
18,161,1826,1344
18,162,1826,1344
18,163,1827,1344
18,164,1829,1342
18,165,1830,1343
18,166,1832,1345
18,167,1838,1349
18,168,1841,1354
18,169,1843,1358
18,170,1845,1361
18,171,1846,1363
18,172,1850,1367
18,173,1855,1372
18,174,1858,1376
18,175,1858,1381
18,176,1860,1387
18,177,1864,1393
18,178,1869,1396
18,179,1871,1402
18,180,1871,1405
18,181,1872,1410
18,182,1874,1412
18,183,1877,1415
18,184,1880,1419
18,185,1882,1425
18,186,1882,1430
18,187,1881,1434
18,188,1882,1434
18,189,1884,1435
18,190,1886,1436
18,191,1887,1435
18,192,1889,1435
18,193,1890,1434
18,194,1892,1434
18,195,1894,1435
18,196,1897,1436
18,197,1898,1436
18,198,1900,1437
18,199,1899,1438
18,200,1898,1439
18,201,1896,1441
18,202,1894,1441
18,203,1892,1441
18,204,1891,1441
18,205,1890,1440
18,206,1890,1440
18,207,1890,1440
18,208,1891,1441
18,209,1893,1442
18,210,1892,1441
18,211,1893,1440
18,212,1894,1438
18,213,1895,1436
18,214,1896,1435
18,215,1897,1432
18,216,1897,1430
18,217,1897,1428
18,218,1895,1429
18,219,1894,1430
18,220,1894,1432
18,221,1895,1432
18,222,1897,1435
18,223,1898,1437
18,224,1897,1440
18,225,1896,1443
18,226,1893,1444
18,227,1891,1447
18,228,1891,1451
18,229,1892,1453
18,230,1892,1456
18,231,1892,1460
18,232,1891,1462
18,233,1889,1464
18,234,1889,1467
18,235,1886,1471
18,236,1888,1472
18,237,1886,1473
18,238,1884,1471
18,239,1885,1470
18,240,1884,1470
18,241,1885,1471
18,242,1885,1471
18,243,1884,1474
18,244,1882,1481
18,245,1881,1487
18,246,1881,1491
18,247,1882,1493
18,248,1883,1498
18,249,1887,1506
18,250,1889,1512
18,251,1889,1516
18,252,1891,1520
18,253,1893,1524
18,254,1893,1526
18,255,1894,1527
18,256,1898,1525
18,257,1898,1526
18,258,1900,1527
18,259,1902,1526
18,260,1904,1523
18,261,1907,1521
18,262,1908,1522
18,263,1906,1522
18,264,1904,1523
18,265,1900,1523
18,266,1901,1523
18,267,1899,1521
18,268,1898,1521
18,269,1896,1520
18,270,1893,1520
18,271,1890,1520
18,272,1888,1520
18,273,1887,1521
18,274,1888,1522
18,275,1886,1521
18,276,1885,1521
18,277,1885,1520
18,278,1884,1518
18,279,1878,1516
18,280,1873,1516
18,281,1871,1515